name,sex,id,phone,age,balance
Yamilex,female,1000,862651356,54,16034
Alisson,female,1001,368773576,42,2038
Luvinia,female,1002,661053130,46,27161
Vernelle,female,1003,679326236,20,29373
Keion,male,1004,388459645,49,27271
Melbourne,male,1005,832143922,55,24875
Ermine,female,1006,865534497,39,2747
Danniel,male,1007,884031930,45,33437
Chessie,female,1008,741985269,57,15614
Gustie,female,1009,924073885,19,37430
Treena,female,1010,350251942,17,40549
Grove,male,1011,223316686,46,29147
Annice,female,1012,553033755,20,28471
Allisson,female,1013,802959279,19,19182
Teela,female,1014,879702817,58,43744
Victoriano,male,1015,292279968,59,16194
Hasan,male,1016,403650623,22,35998
Tyrik,male,1017,468367003,33,34562
Ovila,male,1018,280057691,21,-1193
Grafton,male,1019,981175213,29,10108
Shardae,female,1020,593491852,38,45976
Oland,male,1021,181894672,57,2570
Murdock,male,1022,976449401,17,17096
Zilpah,female,1023,894745747,41,-3355
Margretta,female,1024,878079366,48,16565
Tatyanna,female,1025,452614898,31,9249
Pratt,male,1026,600720265,48,22909
Amasa,male,1027,444064919,33,2309
Brianda,female,1028,353240718,26,29858
Abelardo,male,1029,375947206,26,-124
Olena,female,1030,479020693,44,11419
Raelynn,female,1031,545412756,56,34559
Tripp,male,1032,962663447,24,33433
Linzy,male,1033,210218660,45,5533
Ailene,female,1034,324062795,38,1292
Jasmyne,female,1035,290323150,29,3231
Mareli,female,1036,199858581,45,48964
Andon,male,1037,182829572,16,-458
Shira,female,1038,404329917,23,34752
Tella,female,1039,980808259,58,45834
Jadiel,male,1040,288713753,23,39766
Harm,male,1041,471914852,25,16637
Vela,female,1042,323195547,55,18491
Rashaan,male,1043,470414484,32,-133
Shannen,female,1044,207538783,40,33130
Benjman,male,1045,189473702,45,6411
Lailah,female,1046,679500157,51,-2281
Kalene,female,1047,904400507,36,40438
Dema,female,1048,997400823,36,31938
Latoyia,female,1049,627006080,46,35856
Crissie,female,1050,995042532,46,34118
Tai,female,1051,704431139,43,22621
Aloys,male,1052,129505149,40,-3098
Cannie,female,1053,510154027,43,-1302
Anice,female,1054,835653069,16,10585
Tiney,female,1055,729905691,57,25679
Regena,female,1056,550009756,57,-2338
Felicie,female,1057,281062078,31,20065
Fed,male,1058,347119757,17,35904
Demetric,male,1059,102475220,28,26743
Manerva,female,1060,859430816,42,2347
Hughey,male,1061,173397902,25,38207
Osbaldo,male,1062,416881341,55,14890
Kelis,female,1063,460074055,19,42763
Carleigh,female,1064,689954472,41,13720
Denita,female,1065,622897453,28,36265
Vere,male,1066,903598846,16,43581
Esker,male,1067,679909833,40,24282
Ronal,male,1068,687173606,55,10975
Ell,male,1069,717240560,19,27835
Dyan,female,1070,790363357,25,14795
Thurlow,male,1071,741814629,48,40828
Torie,female,1072,425164225,41,1004
Jacqulyn,female,1073,920105972,24,27816
Josefita,female,1074,957067844,59,30262
Loree,female,1075,342873905,22,19040
Derl,male,1076,527347446,48,22584
Carlyn,female,1077,629316399,46,258
Dorathea,female,1078,216084660,19,42843
Algot,male,1079,173798220,22,48195
Brande,female,1080,401274675,49,31176
Ruffin,male,1081,469086436,39,37433
Orene,female,1082,760911422,57,1270
Charle,male,1083,777012930,16,28414
Lucina,female,1084,288054240,25,38374
Kolten,male,1085,783420926,44,-1156
Tari,female,1086,606832371,39,21063
Daneen,female,1087,661639771,48,-1945
Shatara,female,1088,566121630,40,44072
Karel,female,1089,372776523,27,29157
Denine,female,1090,499067593,34,29495
Claiborne,male,1091,130555600,32,40817
Luc,male,1092,166991688,37,35567
Pearla,female,1093,356566621,52,-2646
Casimiro,male,1094,682927551,54,11225
Oley,male,1095,214517287,29,38411
Lulah,female,1096,743314153,27,39916
Ariane,female,1097,337150243,51,31868
Erla,female,1098,863958660,58,-3
Octavie,female,1099,408165835,30,-4750
Diallo,male,1100,644636367,53,-807
Dayne,male,1101,646476566,28,-1757
Christop,male,1102,290830474,28,45316
Berlin,male,1103,207276549,49,26011
Chrissie,female,1104,538626889,47,25916
Ancil,male,1105,635504272,29,-547
Almyra,female,1106,589655531,49,17060
Siddie,female,1107,174980593,24,36890
Iridian,female,1108,498116922,33,38134
Hjalmar,male,1109,745114348,59,45764
Redmond,male,1110,110053048,22,42607
Prosper,male,1111,471093714,42,30364
Hilmer,male,1112,545255851,17,36382
Graydon,male,1113,265641851,44,27005
Taina,female,1114,686596203,50,19110
Sannie,female,1115,912415555,41,36623
Lulla,female,1116,436051543,33,-2310
North,male,1117,328980712,35,2063
Bunk,male,1118,556833339,34,42531
Clabe,male,1119,891709924,20,-1542
Betha,female,1120,965715438,43,47690
Hart,male,1121,175608746,44,5576
Boysie,male,1122,824873017,26,7619
Irva,female,1123,191966756,44,38451
Kylah,female,1124,545363896,55,46481
Trumaine,male,1125,823974769,37,18919
Trenten,male,1126,603053211,20,-1941
Robley,male,1127,178075711,48,10215
Clarisa,female,1128,853006491,54,24904
Anthoney,male,1129,958958559,29,14424
Anatole,male,1130,915143904,59,37940
Oddie,male,1131,499346492,33,12936
Helaine,female,1132,352260441,56,18733
Alleen,female,1133,956951338,40,8342
Ebert,male,1134,682773611,43,43664
Kiya,female,1135,701898722,51,17559
Octa,female,1136,753456131,29,37898
Kenan,male,1137,946806826,24,5565
Amil,male,1138,544954641,55,35651
Paityn,female,1139,736391503,36,3348
Jalissa,female,1140,989152201,48,49290
Tatsuo,male,1141,851170094,55,680
Auguste,male,1142,207998865,43,44955
Marcelina,female,1143,339982964,50,28019
Lovey,female,1144,802948671,46,4706
Grecia,female,1145,186224245,43,15079
Malaya,female,1146,426575617,20,4029
Bolden,male,1147,163922180,26,40054
Destry,male,1148,524188033,38,15306
York,male,1149,950595916,16,6242
Evita,female,1150,359303200,20,44663
Melissia,female,1151,627987063,26,24913
Vicy,female,1152,127137709,24,47691
Alby,male,1153,431877157,33,3932
Boone,male,1154,483777822,41,30494
Avah,female,1155,533704934,58,13993
Arah,female,1156,744055240,21,41914
Augustina,female,1157,872011122,30,18588
Primus,male,1158,592751564,31,7452
Tallie,male,1159,943238517,49,2933
Jelani,male,1160,886114773,49,34324
Osborn,male,1161,613626590,25,33265
Mykel,male,1162,610690162,22,7553
Kanesha,female,1163,637735535,30,12593
Argie,female,1164,269406455,59,-2629
Ethyle,female,1165,870803867,36,19863
Shaquana,female,1166,829880250,56,34706
Brantley,male,1167,420519823,48,5893
Cherrelle,female,1168,241789398,52,30214
Miesha,female,1169,444299325,23,21601
Sylva,female,1170,430277503,51,22532
Lyndia,female,1171,965230881,44,-4211
Governor,male,1172,981165764,39,6377
Denese,female,1173,817622783,19,48052
Ala,female,1174,146045853,57,-3732
Gwyneth,female,1175,457635306,28,1322
Karyme,female,1176,289682376,32,16949
Nim,male,1177,968774694,40,5235
Wendel,male,1178,755469526,58,30549
Tyreke,male,1179,821199899,20,-4192
Mordechai,male,1180,508421483,51,46127
Schley,male,1181,535736773,20,16593
Sharday,female,1182,393985552,54,46226
Marchello,male,1183,802800421,34,42422
Idabelle,female,1184,567864142,51,15485
Nallely,female,1185,975133265,16,14170
Sharleen,female,1186,762502132,33,896
Ayaan,male,1187,272503522,29,35230
Friend,male,1188,166745863,16,23364
Jaeda,female,1189,559184925,40,8440
Gemma,female,1190,924053919,58,24995
Hughes,male,1191,142321458,48,34271
Berkley,male,1192,736584758,16,14039
Philo,male,1193,136021395,26,41511
Lott,male,1194,840538325,17,603
Medora,female,1195,218494004,21,2372
Arvo,male,1196,276167231,18,863
Baylie,female,1197,541478323,40,22162
Trilby,female,1198,515309065,35,41189
Willaim,male,1199,374883519,33,48524